{
  "rms_error": 0.7584056039729836,
  "image_width": 1280,
  "image_height": 720,
  "chess_cols": 7,
  "chess_rows": 5,
  "square_size_m": 0.025,
  "captures_used": 28,
  "captures_removed_as_outliers": 2,
  "camera_matrix": [
    [
      1138.0295698961584,
      0.0,
      650.4315695686117
    ],
    [
      0.0,
      1238.0527857318184,
      481.3539834135235
    ],
    [
      0.0,
      0.0,
      1.0
    ]
  ],
  "dist_coeffs": [
    [
      -5.835559945865924,
      66.02537723417426,
      0.10827033241893234,
      0.004427814185684447,
      -32.7882881006931,
      -5.924446901928253,
      65.44947900570878,
      -37.70976816030015,
      0.0,
      0.0,
      0.0,
      0.0,
      0.0,
      0.0
    ]
  ]
}