{
  "izquierda": [
    -0.9985536797178779,
    0.022238703724903962,
    -0.048948838377654236
  ],
  "derecha": [
    0.99866179270014,
    -0.01848205771256582,
    0.04830152527252089
  ],
  "centro": [
    -0.011939449398447046,
    0.8222431496822629,
    0.5690111179481943
  ]
}